{"cameraMode":{"drawMode":0,"name":"Shaded","section":"Shading Mode"},"sceneLighting":true,"audioPlay":false,"sceneViewState":{"showFog":false,"showMaterialUpdate":false,"showSkybox":false,"showFlares":false,"showImageEffects":false,"showParticleSystems":true},"in2DMode":false,"pivot":{"x":53.166358947753909,"y":-1.6441402435302735,"z":38.076873779296878},"rotation":{"x":-0.5775511860847473,"y":0.38143306970596316,"z":-0.34856098890304568,"w":-0.6320195198059082},"size":47.50147247314453,"orthographic":true}