{"cameraMode":{"drawMode":0,"name":"Shaded","section":"Shading Mode"},"sceneLighting":true,"audioPlay":false,"sceneViewState":{"showFog":false,"showMaterialUpdate":false,"showSkybox":false,"showFlares":false,"showImageEffects":false,"showParticleSystems":true},"in2DMode":false,"pivot":{"x":61.11766052246094,"y":-31.957422256469728,"z":56.913352966308597},"rotation":{"x":0.685515820980072,"y":-0.009827631525695324,"z":0.009255030192434788,"w":0.7279325723648071},"size":31.30912971496582,"orthographic":true}