{"cameraMode":{"drawMode":0,"name":"Shaded","section":"Shading Mode"},"sceneLighting":true,"audioPlay":false,"sceneViewState":{"showFog":false,"showMaterialUpdate":false,"showSkybox":false,"showFlares":false,"showImageEffects":false,"showParticleSystems":true},"in2DMode":false,"pivot":{"x":47.390464782714847,"y":4.074516296386719,"z":46.14984130859375},"rotation":{"x":0.06302954256534577,"y":-0.7516617774963379,"z":0.6525031924247742,"w":0.07260526716709137},"size":34.52797317504883,"orthographic":true}