{"cameraMode":{"drawMode":0,"name":"Shaded","section":"Shading Mode"},"sceneLighting":true,"audioPlay":false,"sceneViewState":{"showFog":false,"showMaterialUpdate":false,"showSkybox":false,"showFlares":false,"showImageEffects":false,"showParticleSystems":true},"in2DMode":false,"pivot":{"x":62.15730285644531,"y":-1.4306659698486329,"z":42.904579162597659},"rotation":{"x":0.214572936296463,"y":-0.5911533236503601,"z":0.16704732179641725,"w":0.7593362331390381},"size":31.942705154418947,"orthographic":true}