{"cameraMode":{"drawMode":0,"name":"Shaded","section":"Shading Mode"},"sceneLighting":true,"audioPlay":false,"sceneViewState":{"showFog":false,"showMaterialUpdate":false,"showSkybox":false,"showFlares":false,"showImageEffects":false,"showParticleSystems":true},"in2DMode":false,"pivot":{"x":50.11209487915039,"y":-13.000297546386719,"z":61.309967041015628},"rotation":{"x":0.5489665865898132,"y":-0.19024474918842317,"z":0.12998539209365846,"w":0.803459107875824},"size":26.865144729614259,"orthographic":true}