{"cameraMode":{"drawMode":0,"name":"Shaded","section":"Shading Mode"},"sceneLighting":true,"audioPlay":false,"sceneViewState":{"showFog":false,"showMaterialUpdate":false,"showSkybox":false,"showFlares":false,"showImageEffects":false,"showParticleSystems":true},"in2DMode":false,"pivot":{"x":50.75163650512695,"y":-22.89813995361328,"z":54.350669860839847},"rotation":{"x":0.6611790060997009,"y":0.0033759879879653455,"z":-0.0029753020498901607,"w":0.7502147555351257},"size":49.73184585571289,"orthographic":true}