{"cameraMode":{"drawMode":0,"name":"Shaded","section":"Shading Mode"},"sceneLighting":true,"audioPlay":false,"sceneViewState":{"showFog":false,"showMaterialUpdate":false,"showSkybox":false,"showFlares":false,"showImageEffects":false,"showParticleSystems":true},"in2DMode":false,"pivot":{"x":63.882179260253909,"y":-0.11289024353027344,"z":61.015350341796878},"rotation":{"x":-0.5775511860847473,"y":0.38143306970596316,"z":-0.34856098890304568,"w":-0.6320195198059082},"size":47.50147247314453,"orthographic":true}