{"cameraMode":{"drawMode":0,"name":"Shaded","section":"Shading Mode"},"sceneLighting":true,"audioPlay":false,"sceneViewState":{"showFog":false,"showMaterialUpdate":false,"showSkybox":false,"showFlares":false,"showImageEffects":false,"showParticleSystems":true},"in2DMode":false,"pivot":{"x":50.11209487915039,"y":-13.000297546386719,"z":61.309967041015628},"rotation":{"x":0.47912707924842837,"y":-0.2129756659269333,"z":0.12106610089540482,"w":0.8428651094436646},"size":47.624671936035159,"orthographic":true}