{"cameraMode":{"drawMode":0,"name":"Shaded","section":"Shading Mode"},"sceneLighting":true,"audioPlay":false,"sceneViewState":{"showFog":false,"showMaterialUpdate":false,"showSkybox":false,"showFlares":false,"showImageEffects":false,"showParticleSystems":true},"in2DMode":false,"pivot":{"x":65.03678131103516,"y":-1.4827195405960084,"z":46.459537506103519},"rotation":{"x":0.41232797503471377,"y":-0.3889319896697998,"z":0.20070499181747437,"w":0.7990213632583618},"size":30.05989646911621,"orthographic":true}