{"cameraMode":{"drawMode":0,"name":"Shaded","section":"Shading Mode"},"sceneLighting":true,"audioPlay":false,"sceneViewState":{"showFog":false,"showMaterialUpdate":false,"showSkybox":false,"showFlares":false,"showImageEffects":false,"showParticleSystems":true},"in2DMode":false,"pivot":{"x":57.39999771118164,"y":0.39999961853027346,"z":57.89999771118164},"rotation":{"x":0.7017803192138672,"y":0.002137415809556842,"z":-0.002105314051732421,"w":0.7123870849609375},"size":39.69541549682617,"orthographic":true}